source,author,title,description,url,urlToImage,publishedAt,content
"{'id': None, 'name': 'Yahoo Entertainment'}",Reuters Videos,What are the Gripen fighter jets Ukraine wants to buy from Sweden?,<body><p>STORY: Ukrainian President Volodymyr Zelenskiy is seeking to buy up to 150 Gripen fighter jets from Sweden as Russia's war in Ukraine shows no ...,https://www.yahoo.com/news/videos/gripen-fighter-jets-ukraine-wants-180825961.html,https://s.yimg.com/ny/api/res/1.2/2a5b7cR1DJPG1vdvG4mDUg--/YXBwaWQ9aGlnaGxhbmRlcjt3PTEyMDA7aD02NzU7Y2Y9d2VicA--/https://cf-images.us-east-1.prod.boltdns.net/v1/jit/6415665815001/4ffe9dc8-668e-4822-b3e6-4d48827872a1/main/1280x720/44s2ms/match/image.jpg,2025-10-23T18:08:25Z,STORY: Ukrainian President Volodymyr Zelenskiy is seeking to buy up to 150 Gripen fighter jets from Sweden as Russia's war in Ukraine shows no sign of ending soon.Zelenskiy said Ukraine hopes to rece… [+1187 chars]
"{'id': None, 'name': 'Chalmers.se'}",,Electricity can heal wounds three times as fast (2023),"<p>Chronic wounds are a major health problem for diabetic patients and the elderly – in extreme cases they can even lead to amputation. Using electric stimulation, researchers in a project at Chalmers University of Technology, Sweden, and the University of Fr…",https://www.chalmers.se/en/current/news/mc2-how-electricity-can-heal-wounds-three-times-as-fast/,https://www.chalmers.se/api/media/?url=https://cms.www.chalmers.se/Media/fqgfodkg/sarlakning-1920x1080.jpg,2025-10-16T12:59:08Z,Chronic wounds are a huge societal problem that we dont hear a lot about. Our discovery of a method that may heal wounds up to three times faster can be a game changer for diabetic and elderly people… [+4512 chars]
"{'id': None, 'name': 'kottke.org'}",Jason Kottke,"An iconic Philly skate locale, Love Park, was demolished in 2016 —...","An iconic Philly skate locale, Love Park, was demolished in 2016 — but has been reconstructed in Malmö, Sweden (including street l",https://kottke.org/25/10/0047717-an-iconic-philly-skate-lo,,2025-10-16T16:12:54Z,"×Hello! In order to comment or fave, you need to be a current kottke.org member. If you'd like to sign up for a
 membership to support the site and join the conversation, you can explore your option… [+341 chars]"
"{'id': None, 'name': 'Mental Floss'}",Jessica Furseth,The Nordic Countries Where There’s No Word for 'Please’,"With no word for ‘please,’ how do you keep it civil when traveling in Norway, Sweden, Denmark, Iceland, and Finland?",https://www.mentalfloss.com/language/scandinavian-countries-no-word-for-please,"https://images2.minutemediacdn.com/image/upload/c_crop,x_0,y_0,w_3838,h_2158/c_fill,w_1440,ar_1440:810,f_auto,q_auto,g_auto/images/voltaxMediaLibrary/mmsport/mentalfloss/01k7g2n7r0k0va7chra1.jpg",2025-10-27T18:01:00Z,"When travelers heading to other countries want to learn some local words to make sure they have a stress-free time, please is probably near the top of the list. Spanish has por favor, German has bitt… [+4344 chars]"
"{'id': None, 'name': 'PetaPixel'}",Matt Growcoot,Aerial Photographer Reveals the Beauty of Sweden’s Island Archipelago,"The Nordic country of Sweden has over 260,000 islands -- the most of any country in the entire world. Recently, photographer Bernhard Lang explored a handful of them from above, picking out patterns that are invisible from the ground.
[Read More]",https://petapixel.com/2025/10/24/aerial-photographer-reveals-the-beauty-of-swedens-island-archipelago/,https://petapixel.com/assets/uploads/2025/10/Bernhard-Lang.jpg,2025-10-24T15:44:58Z,"From Archipelago by Bernhard Lang
The Nordic country of Sweden has over 260,000 islands — the most of any country in the entire world. Recently, photographer Bernhard Lang explored a handful of them… [+2097 chars]"
"{'id': None, 'name': 'Designboom'}",thomai tsimpou I designboom,herzog & de meuron leads adaptive reuse proposal for future arena complex in sweden,"the team proposes an inventive reuse strategy that retains half of scandinavium arena's original structure.
The post herzog & de meuron leads adaptive reuse proposal for future arena complex in sweden appeared first on designboom | architecture & design magaz…",https://www.designboom.com/architecture/herzogdemeuron-adaptive-reuse-proposal-future-arena-complex-sweden-marge-arkitekter-maffiels-under-samma-tak-goteborg-10-13-2025/,https://www.designboom.com/twitterimages/uploads/2025/10/herzogdemeuron-adaptive-reuse-proposal-future-arena-complex-sweden-marge-arkitekter-maffiels-under-samma-tak-goteborg-designboom-1200.jpg,2025-10-13T10:20:02Z,"Under samma tak: A Proposal to Unite Sports and Culture
Herzog &amp; de Meuron, together with Marge Arkitekter, propose Under samma tak (Under the Same Roof) for Göteborg’s new arena district in Swe… [+4993 chars]"
"{'id': None, 'name': 'BBC News'}",Charlotte Coates,Potter announced as new Sweden head coach,Former West Ham manager Graham Potter is named as the new head coach of Sweden.,https://www.bbc.com/sport/football/articles/c78zxmdgz72o,https://ichef.bbci.co.uk/ace/branded_sport/1200/cpsprodpb/cc1b/live/8b70b6b0-ad89-11f0-93d0-d5294e42252c.jpg,2025-10-20T07:39:15Z,"Former West Ham manager Graham Potter has been announced as the new head coach of Sweden.
The 50-year-old has accepted the role on an initial short-term basis in a bid to aid Sweden's faltering Worl… [+825 chars]"
"{'id': None, 'name': 'BBC News'}",,'You dream of the World Cup' - new Sweden boss Potter,"Graham Potter says having the chance to help Sweden reach the World Cup is ""incredibly exciting"" after being announced as their head coach on an initial short-term basis.",https://www.bbc.com/sport/football/videos/cddr9g3rqmlo,https://ichef.bbci.co.uk/ace/standard/1024/cpsprodpb/3e62/live/fd8aa1a0-adcc-11f0-aa13-0b0479f6f42a.jpg,2025-10-20T16:17:03Z,"Former West Ham manager Graham Potter says having the chance to help Sweden reach the World Cup is ""incredibly exciting"" after being announced as their head coach on an initial short-term basis.
REA… [+56 chars]"
"{'id': 'al-jazeera-english', 'name': 'Al Jazeera English'}",,Zelenskyy checks out Gripen fighter jets Ukraine buying from Sweden,Ukrainian President Volodymyr Zelenskyy checked out the cockpit of a Gripen fighter jet in Sweden on a visit to buy 150.,https://www.aljazeera.com/video/newsfeed/2025/10/22/zelenskyy-checks-out-gripen-fighter-jets-ukraine-buying-from-sweden,https://www.aljazeera.com/wp-content/uploads/2025/10/AFP__20251022__79N29M4__v1__HighRes__SwedenUkrainePoliticsDiplomacyDefence_cropped-1761161958.jpg?resize=1920%2C1440,2025-10-22T19:40:47Z,"NewsFeed
Ukrainian President Volodymyr Zelenskyy checked out the cockpit of a Gripen fighter jet in Sweden on a visit to buy 150 of the aircraft. Ukraines military hopes to start using some already … [+27 chars]"
"{'id': None, 'name': 'BBC News'}",BBC Sport,Struggling Sweden sack manager Tomasson,Sweden sack manager Jon Dahl Tomasson following a poor start to their 2026 World Cup qualifying campaign.,https://www.bbc.com/sport/football/articles/clyl5906qnzo,https://ichef.bbci.co.uk/ace/branded_sport/1200/cpsprodpb/3c17/live/143eca90-a907-11f0-99b2-a3801a157d90.jpg,2025-10-14T14:08:43Z,"Sweden have sacked manager Jon Dahl Tomasson following a poor start to their 2026 World Cup qualifying campaign.
They are bottom of Group B with one point from four games following a 1-0 defeat agai… [+1031 chars]"
"{'id': None, 'name': 'BBC News'}",BBC Sport,'I love the country' - Potter open to Sweden job,Former Chelsea and West Ham manager Graham Potter is interested in becoming Sweden's next head coach.,https://www.bbc.com/sport/football/articles/c3rjlq9v9xwo,https://ichef.bbci.co.uk/ace/branded_sport/1200/cpsprodpb/1d19/live/c28828c0-a926-11f0-a87a-599d240e4891.jpg,2025-10-14T18:19:36Z,"Former Chelsea and West Ham manager Graham Potter has expressed his interest in becoming Sweden's next head coach. 
Sweden sacked Jon Dahl Tomasson on Tuesday following a poor start to the 2026 Worl… [+1351 chars]"
"{'id': None, 'name': 'BBC News'}",,What makes Gyokeres unique? Ex-Man Utd striker Cole explains,Andy Cole and Guillem Balague analyse how Viktor Gyokeres' ability to run the channels allows his Arsenal team-mates to get involved in play after the Sweden striker scored twice in the 4-0 win over Atletico Madrid.,https://www.bbc.com/sport/football/videos/c629zp99qqyo,https://ichef.bbci.co.uk/ace/standard/1024/cpsprodpb/41b1/live/6b413ce0-af99-11f0-b2a1-6f537f66f9aa.jpg,2025-10-22T22:52:32Z,Champions League pundits Andy Cole and Guillem Balague look at how Viktor Gyokeres' ability to run the channels allows his Arsenal team-mates to get involved in play after the Sweden striker scored t… [+131 chars]
"{'id': None, 'name': 'Sky Sports'}",Adam Bate,Miracle of Mjallby: How small club in Sweden is on brink of title shock,"“I thought that we could do a little bit better than last season but I did not expect this,” Christofer Augustsson tells Sky Sports. Mjallby’s assistant manager is not alone. Nobody did. But this small club from Sweden are on the brink of becoming champions.",https://www.skysports.com/football/news/11095/13450375/miracle-of-mjallby-how-the-title-in-sweden-is-heading-to-the-fishing-village-of-hallevik-after-incredible-season,https://e0.365dm.com/25/10/1600x900/skysports-mjallby-supporters_7051319.jpg?20251015082348,2025-10-16T08:30:00Z,"I thought that we could do a little bit better than last season but I did not expect this, Christofer Augustsson tells Sky Sports. Mjallbys assistant manager is not alone. Nobody did. But this small … [+5553 chars]"
"{'id': None, 'name': 'PCWorld'}",Author: Mikael Lindkvist,Yarbo robotic snow blower review: A yard crawler for all seasons,"TechHive Editors Choice

At a glance
Expert's Rating


Pros

<ul>
<li>Extremely maneuverable</li>



<li>Great features</li>



<li>Cool modular concept</li>



<li>Stable and easy to use app</li>
</ul>





Cons

<ul>
<li>The price tag</li>
</ul>




…",https://www.pcworld.com/article/2937640/yarbo-robotic-snow-blower-review.html,https://www.pcworld.com/wp-content/uploads/2025/10/2-IMG_1364.jpg?quality=50&strip=all&w=1024,2025-10-20T17:00:00Z,"Skip to contentWhen you purchase through links in our articles, we may earn a small commission. This doesn't affect our editorial independence
.
At a glance
<ul><li>Extremely maneuverable</li><li>… [+7090 chars]"
"{'id': None, 'name': 'BBC News'}",Sami Mokbel,Potter in talks to become Sweden boss,Former West Ham manager Graham Potter is in talks to become Sweden's next head coach.,https://www.bbc.com/sport/football/articles/cwyp9rrk49yo,https://ichef.bbci.co.uk/ace/branded_sport/1200/cpsprodpb/9e62/live/871907d0-ab85-11f0-a7be-25e543799ac8.jpg,2025-10-17T18:40:52Z,"The Englishman led them from the fourth tier of Swedish football to its top division, and also helped them win the Swedish Cup in 2017.
Potter then managed Swansea City and Brighton before joining C… [+619 chars]"
"{'id': None, 'name': 'BBC News'}",Nizaar Kinsella,Potter set to accept job as Sweden manager,Former West Ham manager Graham Potter is set to accept the job as Sweden head coach.,https://www.bbc.com/sport/football/articles/c201514er26o,https://ichef.bbci.co.uk/ace/branded_sport/1200/cpsprodpb/32dd/live/9f090380-ac4e-11f0-80da-bb3137bb460a.jpg,2025-10-18T19:50:58Z,"Former West Ham manager Graham Potter is set to accept the job as Sweden head coach.
The 50-year-old has been offered the role on an initial short-term basis in a bid to aid Sweden's faltering World… [+1373 chars]"
"{'id': 'techradar', 'name': 'TechRadar'}",Sead Fadilpašić,"Sweden power grid confirms cyberattack, ransomware suspected",Everest is claiming responsibility and says it stole hundreds of gigabytes of files.,https://www.techradar.com/pro/security/sweden-power-grid-confirms-cyberattack-ransomware-suspected,https://cdn.mos.cms.futurecdn.net/H6MfM7T3bjECJuLWR6mD5a-1920-80.jpg,2025-10-28T12:02:00Z,<ul><li>Svenska kraftnät hit by ransomware; 280 GB of internal data reportedly stolen</li><li>Power system remains unaffected; investigation into data leak is ongoing</li><li>Everest group claimed re… [+2462 chars]
"{'id': 'techradar', 'name': 'TechRadar'}",Leon Poultney,Forget free EV chargers – Volvo is offering free home charging for a year if you buy one of its cars in Sweden,"Volvo has launched a new offer for EV buyers that gives them a year's worth of free home charging –but it's only available in Sweden, for now.",https://www.techradar.com/vehicle-tech/hybrid-electric-vehicles/forget-free-ev-chargers-volvo-is-offering-free-home-charging-for-a-year-if-you-buy-one-of-its-cars-in-sweden,https://cdn.mos.cms.futurecdn.net/5EkEvi2Q6msJbPu3j8FZbn-1920-80.jpg,2025-10-21T21:00:00Z,"<ul><li>Volvo unveils new incentive that offers a year of free home charging</li><li>Partnership with Swedish energy company Vattenfall makes it possible</li><li>However, the savings aren’t quite as … [+2877 chars]"
"{'id': 'techradar', 'name': 'TechRadar'}",Jacob Jones,Sweden vs Kosovo: how to watch FIFA World Cup 2026 qualifier for *FREE*,Here's how you can watch Sweden vs Kosovo for free from anywhere in the world in the World Cup 2026 Qualifiers.,https://www.techradar.com/how-to-watch/football/sweden-vs-kosovo-fifa-world-cup-2026-qualifier-free,https://cdn.mos.cms.futurecdn.net/daNjKfnmU4sK2w3xB9HQkK-2560-80.jpg,2025-10-13T16:00:00Z,"Sweden vs Kosovo promises to be an enthralling fixture in Group A of the European section of the FIFA World Cup 2026 qualifiers.
Sweden have had a dreadful start in their quest to secure a spot in n… [+4080 chars]"
"{'id': None, 'name': 'Forbes'}","David Nikel, Senior Contributor, 
 David Nikel, Senior Contributor
 https://www.forbes.com/sites/davidnikel/",Can A Trip To Sweden Really Be Good For Your Health?,A new tourism campaign from Sweden claims that a trip north can genuinely boost your health. There may be more truth to that idea than you’d expect.,https://www.forbes.com/sites/davidnikel/2025/10/16/can-a-trip-to-sweden-really-be-good-for-your-health/,"https://imageio.forbes.com/specials-images/imageserve/68ee96900525f5b8b5bd1a58/0x0.jpg?format=jpg&crop=2604,1465,x0,y271,safe&height=900&width=1600&fit=bounds",2025-10-16T06:55:04Z,"Sweden' latest tourism ad campaign leans into calm solitude.
getty
Doctor, Id like you to prescribe me Sweden. It sounds like a late-night joke, but thats the premise of a new ad campaign from Visi… [+5510 chars]"
"{'id': None, 'name': 'Nofilmschool.com'}",Jo Light,10 Horror Movie Openings That Hook You From the First Scene,"We harp on opening scenes around here because they're important, but they're especially important if you're making a horror film. Horror movies live or die in those first few minutes (just like, probably, one of your hapless characters).The opening is where y…",https://nofilmschool.com/best-cold-opens-horror,https://nofilmschool.com/media-library/image.jpg?id=61749581&width=1200&height=600&coordinates=0%2C39%2C0%2C39,2025-10-15T22:37:04Z,"We harp on opening scenes around here because they're important, but they're especially important if you're making a horror film. 
Horror movies live or die in those first few minutes (just like, pr… [+10150 chars]"
"{'id': None, 'name': 'BBC News'}",,The striking Swedish workers taking on carmaker Tesla,The industrial action against the company's operation in Sweden has reached its second anniversary.,https://www.bbc.com/news/articles/c5y9082q0jjo,https://ichef.bbci.co.uk/news/1024/branded_news/3bad/live/a10c43c0-af52-11f0-8c56-6315cfcbbba0.jpg,2025-10-26T23:48:14Z,"Tim ManselBusiness reporter, Malmö, Sweden
The strike is about the right of the main union to negotiate pay and conditions for all its members
In Sweden 70 car mechanics are continuing to take on o… [+5921 chars]"
"{'id': 'fox-sports', 'name': 'Fox Sports'}",,"Sweden vs Kosovo: How to Watch, Odds, WCQ Preview","Preview Sweden vs Kosovo in World Cup Qualifying with TV info, start time, and odds ahead of kickoff.",https://www.foxsports.com/stories/soccer/sweden-vs-kosovo-how-watch-odds-wcq-preview,https://a57.foxsports.com/statics.foxsports.com/www.foxsports.com/content/uploads/2025/10/1408/814/sweden-vs-kosovo.jpg?ve=1&tl=1,2025-10-13T15:06:33Z,"Sweden and Kosovo face off in World Cup 2026 qualifying action. Here's everything you need to know ahead of kickoff, including how to watch Sweden vs Kosovo and odds.
How to watch Sweden vs. Kosovo… [+682 chars]"
"{'id': None, 'name': 'SPIN'}",Liza Lentini,5 Albums I Can’t Live Without: Anton Newcombe of the Brian Jonestown Massacre,"Name  Anton Newcombe Current City  I live in Berlin and have my studio [there]. Really want to be in  I’m one of those people that looks at property listings in Sweden and Norway on the ocean or lakes and thinks, “I could afford this…I don’t need people.” Exc…",https://www.spin.com/?p=548717,https://static.spin.com/files/2025/10/BJM20251_JosephEley.jpg,2025-10-17T14:00:00Z,"Name  Anton Newcombe
Current City  I live in Berlin and have my studio [there].
Really want to be in  I’m one of those people that looks at property listings in Sweden and Norway on the ocean or la… [+1616 chars]"
"{'id': None, 'name': 'Help Net Security'}",Mirko Zorz,What if your privacy tools could learn as they go?,"A new academic study proposes a way to design privacy mechanisms that can make use of prior knowledge about how data is distributed, even when that information is incomplete. The method allows privacy guarantees to stay mathematically sound while improving ho…",https://www.helpnetsecurity.com/2025/10/14/adaptive-data-privacy-tools/,https://img.helpnetsecurity.com/wp-content/uploads/2025/10/08112913/privacy-eye-1500.webp,2025-10-14T06:00:46Z,"A new academic study proposes a way to design privacy mechanisms that can make use of prior knowledge about how data is distributed, even when that information is incomplete. The method allows privac… [+7246 chars]"
"{'id': None, 'name': 'Americanthinker.com'}",,The Green Mirage: The Hidden Costs Behind the Electric Car Hype,"In Sweden, a two-kilometer stretch of electrified highway allows electric vehicles to charge while they drive — a prototype for 3,000 kilometers of such roads planned by 2045.

It all sounds sleek, modern, and progressive, like something from...",https://www.americanthinker.com/articles/2025/10/the_green_mirage_the_hidden_costs_behind_the_electric_car_hype.html,https://images.americanthinker.com/fu/fu9vfzjuivpfesa13fyp_800.jpg,2025-10-23T04:00:00Z,"In Sweden, a two-kilometer stretch of electrified highway allows electric vehicles to charge while they drive — a prototype for 3,000 kilometers of such roads planned by 2045.
It all sounds sleek, m… [+7167 chars]"
"{'id': None, 'name': 'Fark.com'}",,"Day 1,338 of WW3. Poland trolls Hungary, openly hoping Magyar shuts down the Druzhba pipeline. Ukraine signs deal for more than 100 Gripen warplanes from Sweden, and Cheetolini finally sanctions russia. This is your Thursday Ukraine War thread [News]","Day 1,338 of WW3. Poland trolls Hungary, openly hoping Magyar shuts down the Druzhba pipeline. Ukraine signs deal for more than 100 Gripen warplanes from Sweden, and Cheetolini finally sanctions russia. This is your Thursday Ukraine War thread",https://www.fark.com/comments/13854102/Day-1338-of-WW3-Poland-trolls-Hungary-openly-hoping-Magyar-shuts-down-Druzhba-pipeline-Ukraine-signs-deal-for-more-than-100-Gripen-warplanes-from-Sweden-Cheetolini-finally-sanctions-russia-This-is-your-Thursday-Ukraine-War-thread,https://usrimg-full.fark.net/d/dw/fark_dwopeMT2UA7Zmf2qshCudY9Q0gA.jpg?AWSAccessKeyId=JO3ELGV4BGLFW7Y3EZXN&Expires=1761537600&Signature=vGCmSqTRDuVuH1jC1VClahnRnSw%3D,2025-10-23T12:00:00Z,"Today's news feeds from Kyiv:KYIV POSThttps://www.kyivpost.com/topic/war-in-ukraine
ISW Russian Offensive Campaign Assessment, October 22, 2025Latest from the Institute for the Study of War.
Russia… [+8817 chars]"
"{'id': None, 'name': 'Bringatrailer.com'}",bringatrailer,15k-Mile Euro 1975 BMW 520i 4-Speed,This 1975 BMW 520i is a European-market example that was reportedly first sold in Sweden and subsequently imported to North America. The car was sold on BaT in May 2020 and was later acquired by the seller on BaT in May 2021. The car now shows 24k kilometers …,https://bringatrailer.com/listing/1975-bmw-520i-5/,https://bringatrailer.com/wp-content/uploads/2025/08/1975_bmw_520i_1975_bmw_520i_002b24aa-35ae-446e-9e92-3e38efa9eb38-kcp5kh-84975-37168.jpg,2025-10-14T18:50:09Z,This 1975 BMW 520i is a European-market example that was reportedly first sold in Sweden and subsequently imported to North America. The car was sold on BaT in May 2020 and was later acquired by the … [+3049 chars]
"{'id': None, 'name': 'Myscandinavianhome.com'}",My Scandinavian Home,"Step Inside This Charming Cottage in Limhamn, Sweden","One day, when the children have flown the nest (sniff sniff), I can imagine us downsizing to a little cottage that’s just big enough for Per...",https://www.myscandinavianhome.com/2025/10/step-inside-this-charming-cottage-in.html,https://blogger.googleusercontent.com/img/b/R29vZ2xl/AVvXsEjCGilbd-BdWkVkQs6IP7mK8LL7MaTtB8lB25jilhoEaEPCePSEj4JUi9O5LDUp_QA2rMtSfxX3ZJnYb4TbIMLiAlxNWSr9zZ_9vgPNc4NDaOa3bvL3Jlm4iRyQa2XvQpnARHpVEHaZIkqiQwuCxBaj8HeP1sXzKGIb1iP6hMluCYaMJ5IwICMgZfmh40M/w1200-h630-p-k-no-nu/little%20swedish%20cottage.jpg,2025-10-22T12:32:00Z,"One day, when the children have flown the nest (sniff sniff), I can imagine us downsizing to a little cottage that’s just big enough for Per and me. A cosy place with lovely old features and a firepl… [+2023 chars]"
"{'id': 'cbs-news', 'name': 'CBS News'}",Haley  Ott,School in Sweden locked down after suspected hand grenades discovered,Swedish media say a school attended by about 800 students was locked down after two suspected grenades were found nearby.,https://www.cbsnews.com/news/sweden-school-lock-down-suspected-grenades-discovered/,https://assets1.cbsnewsstatic.com/hub/i/r/2015/04/29/340c23e5-e5a3-40ef-bf68-dcc84ef47c4b/thumbnail/1200x630/6e2e666786e7a06c8786e0cd609401f5/restrictedimagesub.jpg,2025-10-22T12:04:17Z,"A school in Sweden was in lockdown on Wednesday after two suspected hand grenades were found nearby.
""All students, parents and teachers have been informed and no one is allowed to leave the school,… [+884 chars]"
"{'id': 'cbs-news', 'name': 'CBS News'}",,Sweden to set up emergency grain reserves to be prepared for crisis,"Sweden will set up its first emergency grain stocks in the north of the country, a region that risks being isolated in a conflict, the government said.",https://www.cbsnews.com/news/sweden-emergency-grain-reserves-north-prepared-crisis/,https://assets3.cbsnewsstatic.com/hub/i/r/2025/10/15/bea55817-200d-4a73-a688-1abc6d85437a/thumbnail/1200x630g8/244d97f677def07fe6d6d9984316603f/gettyimages-2232943537.jpg,2025-10-15T14:53:04Z,"Sweden will set up its first emergency grain stocks in the north of the country, a region that risks being isolated in a conflict, the government said Tuesday.
In its 2026 budget, Stockholm plans to… [+2607 chars]"
"{'id': None, 'name': 'Railway-technology.com'}",GlobalData,RMD secures precision positioning contract in Sweden,The agreement will allow the Swedish Transport Administration to access real-time positioning data from locomotives.,https://www.railway-technology.com/news/rmd-precision-positioning-contract-sweden/,https://s.yimg.com/ny/api/res/1.2/ciY4a0ByP3JNB.WcMu29sw--/YXBwaWQ9aGlnaGxhbmRlcjt3PTEyMDA7aD04MDE-/https://media.zenfs.com/en/railway_technology_356/77d02ec613e85ab9fd6ed52b9ed6c2f1,2025-10-16T16:26:38Z,"Railway Metrics and Dynamics (RMD) has been awarded a contract to supply a precision positioning service to the Swedish Transport Administration (Trafikverket) for railway vehicles.
The framework ag… [+2506 chars]"
"{'id': None, 'name': 'Onefootball.com'}",,Milinković-Savić fires Al-Hilal a pinpoint free-kick,"Available in: Canada, Cuba, Puerto Rico, Saint Pierre et Miquelon, United States of America, US Virgin Island, Andorra, Belgium, Cyprus, Czech Republic, Denmark, Faroe Islands, Finland, France, Gibraltar, Greece, Greenland, Hungary, Iceland, Ireland, Italy, L…",https://onefootball.com/jwplayer/c9AgJ8A4,https://media.zenfs.com/en/afc_live_videos_710/9d8bd12c063db5d69ff5d7cb38c23e45,2025-10-22T01:26:17Z,"Available in: Canada, Cuba, Puerto Rico, Saint Pierre et Miquelon, United States of America, US Virgin Island, Andorra, Belgium, Cyprus, Czech Republic, Denmark, Faroe Islands, Finland, France, Gibra… [+10169 chars]"
"{'id': None, 'name': 'Yahoo Entertainment'}",,Sweden Pushes Ahead With Future Fighter Program,,https://consent.yahoo.com/v2/collectConsent?sessionId=1_cc-session_313d6f73-de77-4b30-87ab-6f0e49366aae,,2025-10-20T22:14:03Z,"If you click 'Accept all', we and our partners, including 237 who are part of the IAB Transparency &amp; Consent Framework, will also store and/or access information on a device (in other words, use … [+714 chars]"
"{'id': None, 'name': 'Onefootball.com'}",,AFC Champions League Elite - Shabab Al Ahli 4-1 Nasaf,"Available in: Canada, Cuba, Puerto Rico, Saint Pierre et Miquelon, United States of America, US Virgin Island, Andorra, Belgium, Cyprus, Czech Republic, Denmark, Faroe Islands, Finland, France, Gibraltar, Greece, Greenland, Hungary, Iceland, Ireland, Italy, L…",https://onefootball.com/jwplayer/Jtxvsd1s,https://media.zenfs.com/en/afc_live_videos_710/5ee662978fe900c73137b1bb87fffe0c,2025-10-21T19:39:14Z,"Available in: Canada, Cuba, Puerto Rico, Saint Pierre et Miquelon, United States of America, US Virgin Island, Andorra, Belgium, Cyprus, Czech Republic, Denmark, Faroe Islands, Finland, France, Gibra… [+10189 chars]"
"{'id': None, 'name': 'Onefootball.com'}",,AFC Champions League Elite - Chengdu Rongcheng 0-2 Johor Darul Ta'zim,"Available in: Canada, Cuba, Puerto Rico, Saint Pierre et Miquelon, United States of America, US Virgin Island, Andorra, Belgium, Cyprus, Czech Republic, Denmark, Faroe Islands, Finland, France, Gibraltar, Greece, Greenland, Hungary, Iceland, Ireland, Italy, L…",https://onefootball.com/jwplayer/4BiuM7HQ,https://media.zenfs.com/en/afc_live_videos_710/365425501c7673caf146ad463d3348e4,2025-10-21T18:53:35Z,"Available in: Canada, Cuba, Puerto Rico, Saint Pierre et Miquelon, United States of America, US Virgin Island, Andorra, Belgium, Cyprus, Czech Republic, Denmark, Faroe Islands, Finland, France, Gibra… [+10203 chars]"
"{'id': None, 'name': 'Onefootball.com'}",,Bangkok United's Zivkovic misses panenka penalty,"Available in: Canada, Cuba, Puerto Rico, Saint Pierre et Miquelon, United States of America, US Virgin Island, Andorra, Belgium, Cyprus, Czech Republic, Denmark, Faroe Islands, Finland, France, Gibraltar, Greece, Greenland, Hungary, Iceland, Ireland, Italy, L…",https://onefootball.com/jwplayer/1Ae5QOhM,https://media.zenfs.com/en/afc_live_videos_710/e57c96cc608d0285c1268279d0ad3a8d,2025-10-24T08:40:05Z,"Available in: Canada, Cuba, Puerto Rico, Saint Pierre et Miquelon, United States of America, US Virgin Island, Andorra, Belgium, Cyprus, Czech Republic, Denmark, Faroe Islands, Finland, France, Gibra… [+10254 chars]"
"{'id': None, 'name': 'GeekTyrant'}",Joey Paur,Netflix Rumored to Be Developing New Series Based on THE PHANTOM,It looks like The Phantom might finally be getting another shot at live-action glory. A new rumor is spreading online claiming that Netflix is developing a series based on the classic comic strip hero. There’s no word yet on whether the project will be animat…,https://geektyrant.com/news/netflix-rumored-to-be-developing-new-series-based-on-the-phantom,http://static1.squarespace.com/static/51b3dc8ee4b051b96ceb10de/51ce6099e4b0d911b4489b79/68f67ba94aeb4f1d73422bff/1761082239039/Netflix+Rumored+to+Be+Developing+New+Series+Based+on+THE+PHANTOM.jpg?format=1500w,2025-10-21T21:30:00Z,It looks like The Phantom might finally be getting another shot at live-action glory. A new rumor is spreading online claiming that Netflix is developing a series based on the classic comic strip her… [+3150 chars]
"{'id': None, 'name': 'The Daily Dot'}",Laura Holliday,“Would sell my soul for this device”: Americans can only dream of Finland’s avocado ripeness machines,"If you’re fed up with awkwardly squeezing avocados every time you’re at the grocery store, it looks like you might need to move to Finland. 


In a video posted to TikTok on Oct. 10, 2025, content creator Promise (@caydusmusic) showed viewers a device that ca…",https://www.dailydot.com/news/avocado-ripeness-scanner-finland/,https://uploads.dailydot.com/2025/10/avocado-scanner-.jpg?auto=compress&fm=pjpg&w=2000&h=1000,2025-10-15T23:00:00Z,"If youre fed up with awkwardly squeezing avocados every time youre at the grocery store, it looks like you might need to move to Finland. 
In a video posted to TikTok on Oct. 10, 2025, content creat… [+3701 chars]"
"{'id': 'rt', 'name': 'RT'}",RT,Nordic country to stockpile food for WW3,"Sweden plans to restore strategic grain reserves, citing the supposed threat posed by Russia, which Moscow has dismissed as baseless Read Full Article at RT.com",https://www.rt.com/news/626621-sweden-emergency-food-stockpile/,https://mf.b37mrtl.ru/files/2025.10/article/68f25a122030271b4a3fbe75.jpg,2025-10-17T15:03:09Z,"Sweden has announced that it will begin stockpiling food and agricultural supplies for the first time since the Cold War, citing what officials describe as a growing threat from Russia. Moscow has re… [+1924 chars]"
"{'id': 'rt', 'name': 'RT'}",RT,Kiev to buy over 100 fighter jets from Stockholm,"Ukraine and Sweden have paved the way for a deal to supply over 100 fighter jets to Kiev, with the first ones possibly arriving around 2028 Read Full Article at RT.com",https://www.rt.com/russia/626835-kiev-buy-fighter-jets-stockholm/,https://mf.b37mrtl.ru/files/2025.10/article/68f91bc685f54038b124dea0.jpg,2025-10-22T18:08:51Z,"Kiev and Stockholm have agreed to work on a major long-term arms contract under which Sweden would provide between 100 and 150 domestically-produced Gripen fighter jets, Ukraine’s Vladimir Zelensky a… [+1882 chars]"
"{'id': None, 'name': 'Spacewar.com'}",,Sweden military shadows 'limping' Russian sub in Baltic Sea,"Washington DC (UPI) Oct 15, 2025 


 The Swedish military deployed fighter jets and a warship to shadow a Russian submarine after it entered the Baltic Sea on Tuesday and continues sailing toward a Russian port. 
 The Russian sub was spotted passing through t…",https://www.spacewar.com/reports/Sweden_military_shadows_limping_Russian_sub_in_Baltic_Sea_999.html,https://www.spxdaily.com/images-hg/baltic-sea-map-hg.jpg,2025-10-16T08:12:13Z,"Sweden military shadows 'limping' Russian sub in Baltic Seaby Mike Heuer Washington DC (UPI) Oct 15, 2025 
The Swedish military deployed fighter jets and a warship to shadow a Russian submarine afte… [+1477 chars]"
"{'id': None, 'name': 'Spacewar.com'}",,Sweden says Zelensky to visit for 'defence export' announcement,"Stockholm (AFP) Oct 22, 2025


 Ukrainian President Volodymyr Zelensky will travel to Sweden on Wednesday where the two countries will make a ""defence export"" announcement, the Swedish government said. 

Zelensky and Swedish Prime Minister Ulf Kristersson wil…",https://www.spacewar.com/reports/Sweden_says_Zelensky_to_visit_for_defence_export_announcement_999.html,https://www.spxdaily.com/images-hg/milplex-spix-hg.jpg,2025-10-22T07:38:05Z,"Sweden says Zelensky to visit for 'defence export' announcementby AFP Staff WritersStockholm (AFP) Oct 22, 2025
Ukrainian President Volodymyr Zelensky will travel to Sweden on Wednesday where the tw… [+981 chars]"
"{'id': None, 'name': '101 Great Goals'}",Jon Fisher,Sweden sack Tomasson after Isak and Gyokeres flop again against Kosovo,Jon Dahl Tomasson lasted 18 games in charge of Sweden,https://www.101greatgoals.com/football/internationals/sweden-sack-jon-dahl-tomasson-after-isak-and-gyokeres-flop-again-against-kosovo/,https://www.101greatgoals.com/wp-content/uploads/2025/10/3CX63A7-2-2.jpg,2025-10-14T13:30:55Z,"Sweden have sacked head coach Jon Dahl Tomasson following the 1-0 defeat to Kosovo last night that has left their World Cup hopes hanging by a thread.
Dane Tomasson becomes the first man ever to be … [+2557 chars]"
"{'id': None, 'name': 'Archaeology'}",Jessica Esther Saraceni,Medieval Hoard of Silver and Pearls Discovered in Sweden,"STOCKHOLM, SWEDEN—Live Science reports that a man digging for worms near his summer home in […]
The post Medieval Hoard of Silver and Pearls Discovered in Sweden appeared first on Archaeology Magazine.",https://archaeology.org/news/2025/10/14/medieval-hoard-of-silver-and-pearls-discovered-in-sweden/,https://archaeology.org/wp-content/uploads/2025/10/News-20251014-Sweden-Hoard-Header.gif,2025-10-14T18:00:00Z,"Coins and other objects were found in a medieval silver hoard near Stockholm, Sweden.
STOCKHOLM, SWEDENLive Science reports that a man digging for worms near his summer home in southeastern Sweden d… [+971 chars]"
"{'id': None, 'name': 'Streetartutopia.com'}",Vidar,Silly Street Art (8 Photos),"Chalk leaf-raker in Michigan, a “Brickhenge” on a sidewalk, cat faces on bins, a tiny figure beside a soda can, a café façade in Taipei, pixel Mario in Sweden, a pipe turned into a mouth in New York, and a flip-flop gag in Copenhagen. Eight light, playful wor…",https://streetartutopia.com/2025/10/28/silly-street-art-8-photos/,https://streetartutopia.com/wp-content/uploads/2025/10/Silly-Street-Art.jpeg,2025-10-28T09:52:38Z,"More: Clever Art! (10 Photos)
Chalk drawing of a small green character holding a rake, integrated with real autumn leaves on the pavement.  More!: Happy Art by David Zinn (10 Photos)
 Follow David … [+1199 chars]"
"{'id': None, 'name': 'Road to VR'}",Scott Hayden,Researchers Propose Novel E-Ink XR Display with Resolution Far Beyond Current Headsets,"A group of Sweden-based researchers proposed a novel e-ink display solution that could make way for super compact, retina-level VR headsets and AR glasses in the future. The News Traditional emissive displays are shrinking, but they face physical limits; smal…",https://www.roadtovr.com/researchers-e-ink-xr-display-paper/,https://roadtovrlive-5ea0.kxcdn.com/wp-content/uploads/2025/10/uppsala-uni.jpg,2025-10-27T15:34:42Z,"A group of Sweden-based researchers proposed a novel e-ink display solution that could make way for super compact, retina-level VR headsets and AR glasses in the future.
The News
Traditional emissi… [+4297 chars]"
"{'id': None, 'name': 'Theaviationist.com'}",Stefano D'Urso,Sweden Receives First Gripen E,"The first Gripen E has been delivered to the  Skaraborg Wing (F 7), the Swedish Air Force’s Operational Conversion Unit for the type. The first Gripen E of the Swedish Air Force’s has been delivered to the Skaraborg Wing (F 7) at Satenas air base, near Lidköp…",https://theaviationist.com/2025/10/20/sweden-receives-first-gripen-e/,https://theaviationist.com/wp-content/uploads/2025/10/GripenE.jpeg,2025-10-20T18:42:34Z,"The first Gripen E of the Swedish Air Forces has been delivered to the Skaraborg Wing (F 7) at Satenas air base, near Lidköping, on Oct. 20, 2025. The unit is the main base for the Swedish Gripen fle… [+5544 chars]"
"{'id': None, 'name': 'Naturalnews.com'}",Cassie B.,Sweden revives Cold War food stockpiling amid rising conflict fears,Sweden is stockpiling emergency grain for the first time since the Cold War. The government cites the risk of supply chain disruption from war or conflict. The first grain reserves will be established in vulnerable northern Sweden. This is part of a revived “…,https://www.naturalnews.com/2025-10-16-sweden-cold-war-food-stockpiling.html,https://www.naturalnews.com/wp-content/uploads/sites/91/2025/10/food-storage-long-term.jpg,2025-10-16T06:00:00Z,<ul><li>Sweden is stockpiling emergency grain for the first time since the Cold War.</li><li>The government cites the risk of supply chain disruption from war or conflict.</li><li>The first grain res… [+4951 chars]
"{'id': None, 'name': 'Space Daily'}",,Unexpected discovery on Saturn's moon challenges our view on chemistry before life emerged,"Gothenburg, Sweden (SPX) Oct 17, 2025


Researchers at Chalmers University of Technology in Sweden and the US space agency NASA have made an unexpected discovery that challenges one of the basic rules of chemistry and provides new knowledge about Saturn's eni…",https://www.spacedaily.com/reports/Unexpected_discovery_on_Saturns_moon_challenges_our_view_on_chemistry_before_life_emerged_999.html,https://www.spxdaily.com/images-hg/saturn-titan-dragonfly-rotorcraft-lander-artwork-hg.jpg,2025-10-19T08:54:23Z,"Unexpected discovery on Saturn's moon challenges our view on chemistry before life emergedby Jenny Holmstrand and Ulrika Ernstrom for CUT NewsGothenburg, Sweden (SPX) Oct 17, 2025
Researchers at Cha… [+5805 chars]"
"{'id': None, 'name': 'Sputnikglobe.com'}",Sputnik International,Sweden Seeks to Profit by Building Gripen Jets in Ukraine,The Sweden-Ukraine agreement on the Gripen warplanes could become Stockholm’s biggest aircraft export order yet.,https://sputnikglobe.com/20251027/sweden-seeks-to-profit-by-building-gripen-jets-in-ukraine--1123021150.html,https://cdn1.img.sputnikglobe.com/images/sharing/article/eng/1123021150.jpg?10238978991761562563,2025-10-27T10:56:00Z,"Get the latest defense news from around the world: breaking stories, photos, videos, in-depth analysis and much more...
https://sputnikglobe.com/20251027/sweden-seeks-to-profit-by-building-gripen-je… [+1597 chars]"
"{'id': None, 'name': 'DW (English)'}",Richard Connor,Ukraine updates: Kyiv targets major Russian explosives plant,"Ukraine says it has scored a successful hit on a Russian chemical plant supplying Moscow with gunpowder, explosives and rocket fuel. Meanwhile, Ukraine's President Zelenskyy is visiting Sweden. Follow DW for the latest.",https://www.dw.com/en/ukraine-updates-kyiv-targets-major-russian-explosives-plant/live-74450537,https://static.dw.com/image/74450578_6.jpg,2025-10-22T06:31:00Z,"The postponement of a planned meeting between US President Donald Trump and Russian President Vladimir Putin has eased concerns among Ukraine's EU allies.
European capitals had been unsettled by the… [+917 chars]"
"{'id': None, 'name': 'Human Rights Watch'}",Human Rights Watch,Feminist Foreign Policy During a Global Backlash,"Click to expand Image
 



 
 
 

 
 
 
 
 Thousands of people take to the streets of Barcelona, Spain, in a massive demonstration for International Women's Day, March 8, 2025.
 © 2025 Albert Llop/NurPhoto via Getty Images
 
 


 
When governments convene thi…",https://www.hrw.org/news/2025/10/20/feminist-foreign-policy-during-a-global-backlash,https://www.hrw.org/sites/default/files/styles/opengraph/public/media_2025/10/202510wrd_spain_womens_rights_0.jpg?h=6f8e2d4a&itok=tlJ6yayD,2025-10-20T06:00:00Z,"When governments convene this week in Paris for a conference on feminist foreign policy, there will be a lot to talk about. The French governments description of the event laments that progress towar… [+2491 chars]"
"{'id': None, 'name': 'Techpowerup.com'}",Cpt.Jank,Heart Electric: Colorful New Team-Based Shooter From Star Wars Battlefront Dev Gets October Playtest,"Modoyo is a new game studio out of Stockholm, Sweden, and its first game is Heart Electric, a fast-paced elimination hero shooter that pits 16 players against one another in teams of four, with the added twist of the ""Flux"" maglev traversal mechanic that adds…",https://www.techpowerup.com/342125/heart-electric-colorful-new-team-based-shooter-from-star-wars-battlefront-dev-gets-october-playtest,https://www.techpowerup.com/img/uEZqnkNJGsJjQFuL.jpg,2025-10-22T03:30:50Z,"Modoyo is a new game studio out of Stockholm, Sweden, and its first game is Heart Electric, a fast-paced elimination hero shooter that pits 16 players against one another in teams of four, with the a… [+1285 chars]"
"{'id': None, 'name': 'Digitimes'}",Willis Ke,Oppo unveils Find X9 series with 200MP camera and Hasselblad teleconverter lens,"Following Vivo's launch of its X300 flagship earlier this year, Oppo introduced its Find X9 series on October 16, 2025, aiming to strengthen computing power, energy efficiency, and imaging performance. Notably, Oppo increased the telephoto camera resolution t…",https://www.digitimes.com/news/a20251017PD226/oppo-smartphone-camera-lens-2025.html,https://img.digitimes.com/newsshow/20251017pd226_files/1_b.jpg,2025-10-17T06:01:47Z,"Following Vivo's launch of its X300 flagship earlier this year, Oppo introduced its Find X9 series on October 16, 2025, aiming to strengthen computing power, energy efficiency, and imaging performanc… [+60 chars]"
"{'id': None, 'name': 'Shtfplan.com'}",Mac Slavo,Sweden Tells Citizens To Prepare for “War Mode”,"Swedish Defense Minister Pal Jonson said that NATO (North Atlantic Treaty Organization) members should prepare their citizens for ""war mode.""  Jonson said that the possibility of a war with Russia is still on the table.",https://www.shtfplan.com/headline-news/sweden-tells-citizens-to-prepare-for-war-mode,https://www.shtfplan.com/wp-content/uploads/2025/10/diplomacywar.jpg,2025-10-20T15:00:32Z,Swedish Defense Minister Pal Jonson said that NATO (North Atlantic Treaty Organization) members should prepare their citizens for “war mode.”  Jonson said that the possibility of a war with Russia is… [+1765 chars]
"{'id': None, 'name': 'tomandlorenzo.com'}",Lorenzo Marquez,T LOunge for October 21st 2025,"Pava Bar and Restaurant – Stockholm, Sweden It’s TUESDAY, darlings. Best to spend it in a swanky LOunge, yes? Yes. We apologize for not getting the podcast up yesterday, but we promise it’s in the pipeline for today. Settle in. We’ve got a lot to discuss.   ‘…",https://tomandlorenzo.com/2025/10/t-lounge-for-october-21st-2025/,https://tomandlorenzo.com/wp-content/uploads/2025/10/Bars-Restaurants-Cafes-Lounges-10-21-2025-TLO-1.jpg,2025-10-21T13:30:56Z,"Posted on October 21, 2025
Pin
Pin
Pin
Pin
Pin
PinPava Bar and Restaurant – Stockholm, Sweden
It’s TUESDAY, darlings. Best to spend it in a swanky LOunge, yes? Yes. We apologize for not gettin… [+20802 chars]"
"{'id': None, 'name': 'Human Rights Watch'}",Human Rights Watch,"Brazil: Illegal Ranches Devastate Rainforest, Livelihoods","Play Video 
 

 
 
 
 
 Read a text description of this video
 
 
 SOUNDBITESToto AraraEvery year, the invaders clear more land for cattle. Then they burn it. SOUNDBITESGivanildo dos Santos LimaToday, the biggest driver of deforestation in the Amazon region i…",https://www.hrw.org/news/2025/10/15/brazil-illegal-ranches-devastate-rainforest-livelihoods,https://www.hrw.org/sites/default/files/styles/opengraph/public/media_2025/10/202510americas_brazil_terranossa_motorcyclist.jpg?h=ea95bb15&itok=Tqfz44d0,2025-10-15T04:00:00Z,"Read a text description of this video
SOUNDBITES
Toto Arara
Every year, the invaders clear more land for cattle. Then they burn it.
SOUNDBITES
Givanildo dos Santos Lima
Today, the biggest drive… [+7033 chars]"
"{'id': None, 'name': 'DroidGamers'}",Amrita R Sankar,Bamse’s Adventure: The Wand Mystery Is a New Educational Platformer Based on the Popular Swedish Cartoon,"After charming little players across Sweden.
The post Bamse’s Adventure: The Wand Mystery Is a New Educational Platformer Based on the Popular Swedish Cartoon appeared first on Droid Gamers.",https://www.droidgamers.com/news/bamses-adventure-the-wand-mystery/,https://www.droidgamers.com/wp-content/uploads/2025/10/Bamses-Adventure-The-Wand-Mystery.jpg,2025-10-24T17:31:00Z,"After charming little players across Sweden, Bamses Adventure: The Wand Mystery has now gone global with its English-language release. Its published by Gro Play, the studio that has dropped other puz… [+1877 chars]"
"{'id': None, 'name': 'CNA'}",,Potter takes over as Sweden head coach,"Sweden's football association (SvFF) said on Monday it has appointed Graham Potter as head coach, tasking the former West Ham United manager with salvaging their 2026 World Cup qualifying campaign.The 50-year-old has been given a contract covering the rest of…",https://www.channelnewsasia.com/sport/potter-takes-over-sweden-head-coach-5412831,"https://dam.mediacorp.sg/image/upload/s--xVa8OnnB--/c_fill,g_auto,h_676,w_1200/fl_relative,g_south_east,l_mediacorp:cna:watermark:2024-04:reuters_1,w_0.1/f_auto,q_auto/v1/one-cms/core/2025-10-20T081716Z_1_LYNXMPEL9J09D_RTROPTP_3_SOCCER-ENGLAND-WHU-CRY.JPG?itok=5ccLjG74",2025-10-20T08:17:16Z,"Sweden's football association (SvFF) said on Monday it has appointed Graham Potter as head coach, tasking the former West Ham United manager with salvaging their 2026 World Cup qualifying campaign.
… [+968 chars]"
"{'id': None, 'name': 'CNA'}",,Tomasson at risk as Sweden contemplate first managerial sacking,"Sweden could be set to sack a national team manager for the first time ever, with Jon Dahl Tomasson's position under serious pressure after a dismal start to their World Cup qualifying campaign left them on the brink of elimination.Tomasson was in defiant moo…",https://www.channelnewsasia.com/sport/tomasson-risk-sweden-contemplate-first-managerial-sacking-5401396,"https://dam.mediacorp.sg/image/upload/s--gbIdswO---/c_fill,g_auto,h_676,w_1200/fl_relative,g_south_east,l_mediacorp:cna:watermark:2024-04:reuters_1,w_0.1/f_auto,q_auto/v1/one-cms/core/2025-10-14T122452Z_1_LYNXNPEL9D0M8_RTROPTP_3_SOCCER-WORLDCUP-KVX-SWE-REPORT.JPG?itok=dfpJkUwg",2025-10-14T12:24:52Z,"Sweden could be set to sack a national team manager for the first time ever, with Jon Dahl Tomasson's position under serious pressure after a dismal start to their World Cup qualifying campaign left … [+1965 chars]"
"{'id': None, 'name': 'CNA'}",,Spain cruise past Sweden into Women's Nations League final,"GOTHENBURG, Sweden :Alexia Putellas scored the only goal as Spain reached the Women's Nations League final with a 1-0 victory over Sweden in the second leg of their semi-final on Tuesday that secured a 5-0 aggregate win.Spain had cruised to an easy 4-0 victor…",https://www.channelnewsasia.com/sport/spain-cruise-past-sweden-womens-nations-league-final-5431051,"https://dam.mediacorp.sg/image/upload/s--w8HSe78J--/c_fill,g_auto,h_676,w_1200/fl_relative,g_south_east,l_mediacorp:cna:watermark:2024-04:reuters_1,w_0.1/f_auto,q_auto/v1/one-cms/core/2025-10-28T211207Z_1_LYNXMPEL9R15O_RTROPTP_3_SOCCER-UEFANATIONS-SWE-ESP.JPG?itok=yJOjGeFK",2025-10-28T21:12:07Z,"GOTHENBURG, Sweden :Alexia Putellas scored the only goal as Spain reached the Women's Nations League final with a 1-0 victory over Sweden in the second leg of their semi-final on Tuesday that secured… [+532 chars]"
"{'id': None, 'name': 'CNA'}",,Former West Ham coach Potter open to taking Sweden job,"Former West Ham United coach Graham Potter is open to managing Sweden following Jon Dahl Tomasson's sacking on Tuesday, which would mark a return to the country where he enjoyed most success.Tomasson was fired with Sweden bottom of their World Cup qualifying …",https://www.channelnewsasia.com/sport/former-west-ham-coach-potter-open-taking-sweden-job-5402051,"https://dam.mediacorp.sg/image/upload/s--yrjXiWCi--/c_fill,g_auto,h_676,w_1200/fl_relative,g_south_east,l_mediacorp:cna:watermark:2024-04:reuters_1,w_0.1/f_auto,q_auto/v1/one-cms/core/2025-10-14T180845Z_1_LYNXNPEL9D10K_RTROPTP_3_SOCCER-SWEDEN.JPG?itok=-QQHJE2B",2025-10-14T18:08:45Z,"Former West Ham United coach Graham Potter is open to managing Sweden following Jon Dahl Tomasson's sacking on Tuesday, which would mark a return to the country where he enjoyed most success.
Tomass… [+1626 chars]"
"{'id': None, 'name': 'CNA'}",,"Sweden sack manager for first time, Tomasson dismissed after dismal start to qualifying campaign","Sweden have sacked their manager for the first time ever when Jon Dahl Tomasson was dismissed on Tuesday, following a dismal start to their World Cup qualifying campaign that left them bottom of Group B with one point from four games.Dane Tomasson's final gam…",https://www.channelnewsasia.com/sport/sweden-sack-manager-first-time-tomasson-dismissed-after-dismal-start-qualifying-campaign-5401541,"https://dam.mediacorp.sg/image/upload/s--UlfTa0kt--/c_fill,g_auto,h_676,w_1200/fl_relative,g_south_east,l_mediacorp:cna:watermark:2024-04:reuters_1,w_0.1/f_auto,q_auto/v1/one-cms/core/2025-10-14T132311Z_1_LYNXNPEL9D0PL_RTROPTP_3_SOCCER-WORLDCUP-SWE-SWI-REPORT.JPG?itok=iECuB5d9",2025-10-14T13:23:11Z,"Sweden have sacked their manager for the first time ever when Jon Dahl Tomasson was dismissed on Tuesday, following a dismal start to their World Cup qualifying campaign that left them bottom of Grou… [+2307 chars]"
"{'id': None, 'name': 'CNA'}",,Spain cruise to 4-0 first-leg win over Sweden in Nations League semi,"MALAGA, Spain :Alexia Putellas and Claudia Pina netted two goals apiece as Spain cruised to an easy 4-0 victory over Sweden in the first leg of their Women's Nations League semi-final on Friday, taking a commanding lead ahead of the return in Gothenburg next …",https://www.channelnewsasia.com/sport/spain-cruise-4-0-first-leg-win-over-sweden-in-nations-league-semi-5424056,"https://dam.mediacorp.sg/image/upload/s--p1PsFZr9--/c_fill,g_auto,h_676,w_1200/fl_relative,g_south_east,l_mediacorp:cna:watermark:2024-04:reuters_1,w_0.1/f_auto,q_auto/v1/one-cms/core/2025-10-24T202201Z_1_LYNXMPEL9N0ZS_RTROPTP_3_SOCCER-UEFANATIONS-ESP-SWE-REPORT.JPG?itok=HfeZFpeg",2025-10-24T20:22:01Z,"MALAGA, Spain :Alexia Putellas and Claudia Pina netted two goals apiece as Spain cruised to an easy 4-0 victory over Sweden in the first leg of their Women's Nations League semi-final on Friday, taki… [+705 chars]"
"{'id': None, 'name': 'CNA'}",,Isak likely to miss Liverpool's Premier League match at Brentford,"Liverpool will likely be without striker Alexander Isak, manager Arne Slot said, when they travel to Brentford on Saturday looking to turn around their three-game Premier League losing streak.The Sweden striker is ""not too bad"" but is a ""question mark"" after …",https://www.channelnewsasia.com/sport/isak-likely-miss-liverpools-premier-league-match-brentford-5423021,"https://dam.mediacorp.sg/image/upload/s--dA0IEXgY--/c_fill,g_auto,h_676,w_1200/fl_relative,g_south_east,l_mediacorp:cna:watermark:2024-04:reuters_1,w_0.1/f_auto,q_auto/v1/one-cms/core/2025-10-24T103050Z_1_LYNXMPEL9N0IL_RTROPTP_3_SOCCER-CHAMPIONS-SGE-LIV-PREVIEW.JPG?itok=SIoaM9Us",2025-10-24T10:30:50Z,"Liverpool will likely be without striker Alexander Isak, manager Arne Slot said, when they travel to Brentford on Saturday looking to turn around their three-game Premier League losing streak.
The S… [+1726 chars]"
"{'id': None, 'name': 'Electrek'}",Peter Johnson,Volvo is giving away a full year of free home EV charging,"Volvo is introducing a new program offering buyers an entire year of free home EV charging. The initiative is launching in Sweden first before it rolls out globally.



 more…",http://electrek.co/2025/10/21/volvo-giving-away-full-year-of-free-ev-charging/,https://i0.wp.com/electrek.co/wp-content/uploads/sites/3/2025/01/Volvo-EX30-EX90-prices-2.jpeg?resize=1200%2C628&quality=82&strip=all&ssl=1,2025-10-21T16:39:17Z,"Volvo is introducing a new program offering buyers an entire year of free home EV charging. The initiative is launching in Sweden first before it rolls out globally.
Starting in February 2026, those… [+2270 chars]"
"{'id': None, 'name': 'Electrek'}",Fred Lambert,"New study of 1,300 EVs busts battery degradation myths, Kia and Tesla top the list","We are getting some critical new data on battery health from a large-scale study in Sweden, and it’s a massive blow to EV naysayers.



The Swedish used-car marketplace Kvdbil conducted a large-scale test analyzing the “State of Health” (SoH) of over 1,300 us…",http://electrek.co/2025/10/27/new-study-evs-busts-battery-degradation-myths-kia-tesla-top-list/,https://i0.wp.com/electrek.co/wp-content/uploads/sites/3/2024/08/Electric-vehicles-5K-1.jpeg?resize=1200%2C628&quality=82&strip=all&ssl=1,2025-10-27T16:41:24Z,"(Source: Tesla)
We are getting some critical new data on battery health from a large-scale study in Sweden, and its a massive blow to EV naysayers.
The Swedish used-car marketplace Kvdbil conducted… [+2738 chars]"
"{'id': None, 'name': 'BGR'}",staff@bgr.com (José Adorno),Avoid Buying The M5 iPad Pro From Brazil And These 4 Other Countries: Here's Why,"Brazil, Turkey, Sweden, Denmark, and Polland are among the most expensive countries to buy the M5 iPad Pro, with the cost in Brazil reaching $2,295.",https://www.bgr.com/1999291/most-expensive-countries-buy-ipad-pro-m5/,https://www.bgr.com/img/gallery/avoid-brazil-and-these-4-other-countries-when-buying-the-m5-ipad-pro-heres-why/l-intro-1760690016.jpg,2025-10-17T08:49:14Z,"A ""perk"" of Brazil always being so expensive to buy Apple products is that the starting price hasn't changed much from the M1 iPad Pro to the M5 generation. Over the years, Apple has only increased t… [+679 chars]"
"{'id': None, 'name': 'EURACTIV'}",Vasiliki Angouridi,Sweden struggling to balance new COVID-19 vaccine strategy with public finances,Sweden’s COVID-19 vaccine policy sparks debate over age thresholds and economic trade-offs,https://www.euractiv.com/news/sweden-struggling-to-balance-new-covid-19-vaccine-strategy-with-public-finances/,https://www.euractiv.com/content/uploads/sites/2/2025/10/GettyImages-1344723070.jpg,2025-10-15T02:35:43Z,"Sweden has diverged from several European peers in its autumn COVID-19 vaccination strategy, prompting criticism from medical experts and raising questions about the balance between public health and… [+2867 chars]"
"{'id': None, 'name': 'The Local Sweden'}",Paul O'Mahony,How hatred and threats are undermining Swedish democracy,"In this week's podcast: bad-tempered politicians, and why did readers move to Sweden? For Membership+ subscribers: Busch under fire for description of ""so-called Swedish protestors"", and how sexually liberated is Sweden?",https://www.thelocal.se/20251018/how-hatred-and-threats-are-undermining-swedish-democracy,https://assets.thelocal.com/cdn-cgi/rs:fit:1200/quality:75/plain/https://apiwp.thelocal.com/wp-content/uploads/2023/06/watermarks-logo-sweden-in-focus.jpg@webp,2025-10-18T05:42:01Z,"In this week's podcast: bad-tempered politicians, and why did readers move to Sweden? For Membership+ subscribers: Busch under fire for description of ""so-called Swedish protestors"", and how sexually… [+1341 chars]"
"{'id': None, 'name': 'The Local Sweden'}",TT/Becky Waterton,'Pure bribery': Sweden paid Somalia millions to accept deportees,"The Swedish government paid Somalia five million kronor to increase the number of deportees it receives from Sweden, according to Swedish media. The Social Democrats have reported Migration Minister Johan Forssell to the constitutional committee to explain th…",https://www.thelocal.se/20251027/pure-bribery-sweden-paid-somalia-millions-to-accept-deportees,https://assets.thelocal.com/cdn-cgi/rs:fit:1200/quality:75/plain/https://apiwp.thelocal.com/wp-content/uploads/2025/10/watermarks-logo-sdldMsAAUTHKXw.jpg@webp,2025-10-27T15:02:03Z,"The Swedish government paid Somalia five million kronor to increase the number of deportees it receives from Sweden, according to Swedish media. The Social Democrats have reported Migration Minister … [+3346 chars]"
"{'id': None, 'name': 'The Local Sweden'}",Richard Orange,TELL US: What's it like separating or getting divorced in Sweden?,"Sweden has one of the highest divorce rates in the European Union, and divorce is also a relatively simple process. We want to hear from foreigners who have been through a divorce or separation in Sweden, or who are currently doing so, about their experiences",https://www.thelocal.se/20251025/tell-us-whats-it-like-separating-or-getting-divorced-in-sweden,https://assets.thelocal.com/cdn-cgi/rs:fit:1200/quality:75/plain/https://apiwp.thelocal.com/wp-content/uploads/2025/07/watermarks-logo-sdl3F8adJgQV0w.jpg@webp,2025-10-25T06:34:44Z,"Divorce is the last thing on your mind when you get married, but a prenup can also be useful if you have a child from a previous marriage. Photo: Janerik Henriksson/TT
Sweden has one of the highest … [+541 chars]"
"{'id': None, 'name': 'The Local Sweden'}",Richard Orange,Sweden deported foreigner despite order from UN Committee against Torture,"Sweden risks being found in violation of the UN Convention against Torture after it completed the deportation of a software engineer to his home country, where he claims he could be murdered, despite a written letter from the UN Committee Against Torture requ…",https://www.thelocal.se/20251014/sweden-deported-foreigner-despite-order-from-un-committee-against-torture,https://assets.thelocal.com/cdn-cgi/rs:fit:1200/quality:75/plain/https://apiwp.thelocal.com/wp-content/uploads/2025/10/watermarks-logo-sdl4msMtrlYrLw.jpg@webp,2025-10-14T09:03:40Z,"Sweden risks being found in violation of the UN Convention against Torture after it completed the deportation of a software engineer to his home country, where he claims he could be murdered, despite… [+3670 chars]"
"{'id': None, 'name': 'The Local Sweden'}",Richard Orange,Just how good is Sweden football manager Graham Potter's Swedish?,"Sweden's new football manager Graham Potter, from the UK, instantly won the hearts of Swedes when he was appointed on Monday, opening a press conference with a thank you speech delivered in Swedish. The Local asked our in-house Swedish teacher Jenny Crowther …",https://www.thelocal.se/20251022/just-how-good-is-sweden-football-manager-graham-potters-swedish,https://assets.thelocal.com/cdn-cgi/rs:fit:1200/quality:75/plain/https://apiwp.thelocal.com/wp-content/uploads/2025/10/watermarks-logo-potter2.jpg@webp,2025-10-22T09:12:43Z,"Sweden's new football manager Graham Potter, from the UK, instantly won the hearts of Swedes when he was appointed on Monday, opening a press conference with a thank you speech delivered in Swedish. … [+3116 chars]"
"{'id': None, 'name': 'The Local Sweden'}",James Savage,Sweden needs more of the Nooshi and Ebba show,"Interrupting a political debate isn’t good manners, but it is good TV — and good for democracy. Sweden needs more rowdy debates, not fewer, argues James Savage.",https://www.thelocal.se/20251015/sweden-needs-more-of-the-nooshi-and-ebba-show,https://assets.thelocal.com/cdn-cgi/rs:fit:1200/quality:75/plain/https://apiwp.thelocal.com/wp-content/uploads/2025/10/watermarks-logo-Nooshi.jpg@webp,2025-10-15T05:26:38Z,"Interrupting a political debate isnt good manners, but it is good TV and good for democracy. Sweden needs more rowdy debates, not fewer, argues James Savage.
 With one year left until the election, … [+2780 chars]"
"{'id': None, 'name': 'The Local Sweden'}",AFP,Sweden says Zelensky to visit for 'defence export' announcement,"Ukrainian President Volodymyr Zelensky will travel to Sweden on Wednesday where the two countries will make a ""defence export"" announcement, the Swedish government said.",https://www.thelocal.se/20251022/sweden-says-zelensky-to-visit-for-defence-export-announcement,https://assets.thelocal.com/cdn-cgi/rs:fit:1200/quality:75/plain/https://apiwp.thelocal.com/wp-content/uploads/2025/09/watermarks-logo-sdlCEkUdfQDZKk.jpg@webp,2025-10-22T08:56:43Z,"Ukrainian President Volodymyr Zelensky will travel to Sweden on Wednesday where the two countries will make a ""defence export"" announcement, the Swedish government said.
 Zelensky and Swedish Prime … [+742 chars]"
"{'id': None, 'name': 'The Local Sweden'}",Richard Orange,IN PICTURES: Readers capture Sweden’s autumn in all its glory,"From city parks to rural wilderness, these pictures, all taken by The Local's readers, will make you fall in love with Sweden all over again this autumn.",https://www.thelocal.se/20251016/in-pictures-readers-share-their-best-swedish-autumn-snaps-2,https://assets.thelocal.com/cdn-cgi/rs:fit:1200/quality:75/plain/https://apiwp.thelocal.com/wp-content/uploads/2025/10/watermarks-logo-odita-kabir-jonkoping.jpg@webp,2025-10-16T08:14:37Z,"From city parks to rural wilderness, these pictures, all taken by The Local's readers, will make you fall in love with Sweden all over again this autumn.
 We received dozens of fantastic photographs… [+2274 chars]"
"{'id': None, 'name': 'The Local Sweden'}",Richard Orange/TT,Swedish gang leader 'The Greek' arrested in Mexico,"The Swedish gang leader Mikael Tenezos – known as Greken or ""The Greek"" – has been arrested in Mexico and deported to Sweden.",https://www.thelocal.se/20251017/swedish-gang-leader-the-greek-arrested-in-mexico,https://assets.thelocal.com/cdn-cgi/rs:fit:1200/quality:75/plain/https://apiwp.thelocal.com/wp-content/uploads/2025/10/watermarks-logo-arrest.jpg@webp,2025-10-17T10:07:11Z,"The Swedish gang leader Mikael Tenezos known as Greken or ""The Greek"" has been arrested in Mexico and deported to Sweden.
 Tenezos, seen as the leading figure in the Dalennätverket gang based in the… [+2043 chars]"
"{'id': None, 'name': 'The Local Sweden'}",Richard Orange,Who has permanent residency as a result of long-term residence in Sweden?,"A government inquiry's new proposal to revoke the permanent residence permits of over 100,000 foreigners in Sweden is targeted at asylum migrants, but will also affect over a thousand people who got permanent residence through EU Long-Term Residence. Here's w…",https://www.thelocal.se/20251020/who-has-permanent-residency-as-a-result-of-long-term-residence-in-sweden,https://assets.thelocal.com/cdn-cgi/rs:fit:1200/quality:75/plain/https://apiwp.thelocal.com/wp-content/uploads/2025/10/watermarks-logo-residency-card-Sweden-2.jpg@webp,2025-10-20T07:27:36Z,"A government inquiry's new proposal to revoke the permanent residence permits of over 100,000 foreigners in Sweden is targeted at asylum migrants, but will also affect over a thousand people who got … [+1597 chars]"
"{'id': None, 'name': 'The Local Sweden'}",TT/Becky Waterton,Today in Sweden: A roundup of the latest news on Friday,"Suspected arson in Malmö, rates of influensa rising, central Sweden sees wave of gang crime committed by minors and fewer cold days now than in the past. Here's Sweden's news on Friday.",https://www.thelocal.se/20251024/today-in-sweden-a-roundup-of-the-latest-news-on-friday-201,https://assets.thelocal.com/cdn-cgi/rs:fit:1200/quality:75/plain/https://apiwp.thelocal.com/wp-content/uploads/2025/10/watermarks-logo-sdl05lM_KnfSSM.jpg@webp,2025-10-24T06:24:12Z,"Suspected arson in Malmö, rates of influensa rising, central Sweden sees wave of gang crime committed by minors and fewer cold days now than in the past. Here's Sweden's news on Friday.
 Two arreste… [+3437 chars]"
"{'id': None, 'name': 'Thelocal.com'}",Mari Wachelke,'Norwegian office workers are lazy': How do Swedes rate life in Norway?,What’s the difference between living in Sweden and Norway? Is life in one country better than the other? Who better to ask than three unbiased Swedes living in Norway.,https://www.thelocal.com/20251017/norwegian-office-workers-are-lazy-how-do-swedes-rate-life-in-norway,https://assets.thelocal.com/cdn-cgi/rs:fit:1200/quality:75/plain/https://apiwp.thelocal.com/wp-content/uploads/2025/10/watermarks-logo-swedn.norway.jpg@webp,2025-10-17T11:24:44Z,"Whats the difference between living in Sweden and Norway? Is life in one country better than the other? Who better to ask than three unbiased Swedes living in Norway.
 While both Sweden and Norway o… [+5469 chars]"
"{'id': None, 'name': 'The Local Sweden'}",TT/Becky Waterton,Today in Sweden: A roundup of the latest news on Monday,"Liberals will vote no to Sweden Democrat ministers, Swedish krona best-performing G10 currency and man in Skåne may have been accidentally shot by hunters. Here's Sweden's news on Monday.",https://www.thelocal.se/20251027/today-in-sweden-a-roundup-of-the-latest-news-on-monday-216,https://assets.thelocal.com/cdn-cgi/rs:fit:1200/quality:75/plain/https://apiwp.thelocal.com/wp-content/uploads/2025/10/watermarks-logo-sdloBK9Ah3-qrc.jpg@webp,2025-10-27T07:10:01Z,"Liberals will vote no to Sweden Democrat ministers, Swedish krona best-performing G10 currency and man in Skåne may have been accidentally shot by hunters. Here's Sweden's news on Monday.
 Liberals … [+3345 chars]"
"{'id': None, 'name': 'The Local Sweden'}",AFP/The Local,Sweden and Ukraine sign letter of intent to supply Gripen fighters,"Swedish Prime Minister Ulf Kristersson said on Wednesday that Sweden and Ukraine had signed a letter of intent to develop air capabilities, which could see Ukraine buy up to 150 Gripen fighter jets.",https://www.thelocal.se/20251022/sweden-and-ukraine-sign-letter-of-intent-to-supply-gripen-fighters,https://assets.thelocal.com/cdn-cgi/rs:fit:1200/quality:75/plain/https://apiwp.thelocal.com/wp-content/uploads/2025/10/watermarks-logo-sdl9JZ-SvF9pEM.jpg@webp,2025-10-22T14:26:33Z,"Swedish Prime Minister Ulf Kristersson said on Wednesday that Sweden and Ukraine had signed a letter of intent to develop air capabilities, which could see Ukraine buy up to 150 Gripen fighter jets.… [+743 chars]"
"{'id': None, 'name': 'The Local Sweden'}",TT/Becky Waterton,Man jailed in Sweden for biting off opponent's fingertip in football match,A man in his mid-30s has been sentenced to ten months in a Swedish prison after biting his opponent's fingertip off in an argument during a football match.,https://www.thelocal.se/20251024/man-in-sweden-jailed-for-biting-off-opponents-fingertip-in-football-match,https://assets.thelocal.com/cdn-cgi/rs:fit:1200/quality:75/plain/https://apiwp.thelocal.com/wp-content/uploads/2025/10/watermarks-logo-sdlSa06EH5KHZo.jpg@webp,2025-10-24T08:39:13Z,"A man in his mid-30s has been sentenced to ten months in a Swedish prison after biting his opponent's fingertip off in an argument during a football match.
 According to the court decision, reported… [+1402 chars]"
"{'id': None, 'name': 'The Local Sweden'}",Richard Orange,Cradle to grave: The 12 digits that shape every life in Sweden,"The personal number is the backbone of the Swedish social system, the handle the welfare state and tax authorities uses to link data on residents. The Local explains how it follows residents, quite literally from cradle to grave.",https://www.thelocal.se/20251024/cradle-to-grave-the-12-digits-that-shape-every-life-in-sweden,https://assets.thelocal.com/cdn-cgi/rs:fit:1200/quality:75/plain/https://apiwp.thelocal.com/wp-content/uploads/2025/10/watermarks-logo-akuten.jpg@webp,2025-10-24T10:18:43Z,"The personal number is the backbone of the Swedish social system, the handle the welfare state and tax authorities uses to link data on residents. The Local explains how it follows residents, quite l… [+6286 chars]"
"{'id': None, 'name': 'The Local Sweden'}",TT/Becky Waterton,Today in Sweden: A roundup of the latest news on Monday,"Christian Democrats call for burqa ban, one dead in fire in Landskrona, party leaders 'shouty' in immigration debate and clothing sales up. Here's Sweden's news on Monday.",https://www.thelocal.se/20251013/today-in-sweden-a-roundup-of-the-latest-news-on-monday-214,https://assets.thelocal.com/cdn-cgi/rs:fit:1200/quality:75/plain/https://apiwp.thelocal.com/wp-content/uploads/2025/08/watermarks-logo-busch.jpg@webp,2025-10-13T05:57:34Z,"Christian Democrats call for burqa ban, one dead in fire in Landskrona, party leaders 'shouty' in immigration debate and clothing sales up. Here's Sweden's news on Monday.
 Christian Democrat leader… [+3535 chars]"
"{'id': None, 'name': 'The Local Sweden'}",TT/Becky Waterton,Today in Sweden: A roundup of the latest news on Monday,"Rental hikes lower this year than previous years, teens hospitalised after drinking bootleg alcohol and gang leader held on suspicion of 30 crimes. Here's Sweden's news on Monday.",https://www.thelocal.se/20251020/today-in-sweden-a-roundup-of-the-latest-news-on-monday-215,https://assets.thelocal.com/cdn-cgi/rs:fit:1200/quality:75/plain/https://apiwp.thelocal.com/wp-content/uploads/2025/10/watermarks-logo-sdlL_qxhsbfXtM.jpg@webp,2025-10-20T06:18:39Z,"Rental hikes lower this year than previous years, teens hospitalised after drinking bootleg alcohol and gang leader held on suspicion of 30 crimes. Here's Sweden's news on Monday.
 How much could Sw… [+3537 chars]"
"{'id': None, 'name': 'The Local Sweden'}",Richard Orange,TELL US: How true is the sexually liberated Swedish stereotype?,"From the 1950s to the 1970s, Sweden became a poster country for liberated sexuality, especially in the US, and while a lot has changed since then, the stereotype lingers on. We want to hear from our readers about whether they think the sexually liberated ster…",https://www.thelocal.se/20251014/tell-us-how-true-is-the-sexually-liberated-swedish-stereotype,https://assets.thelocal.com/cdn-cgi/rs:fit:1200/quality:75/plain/https://apiwp.thelocal.com/wp-content/uploads/2025/10/watermarks-logo-sdlrKTOxMeMYuM.jpg@webp,2025-10-14T11:06:04Z,"From the 1950s to the 1970s, Sweden became a poster country for liberated sexuality, especially in the US, and while a lot has changed since then, the stereotype lingers on. We want to hear from our … [+1354 chars]"
"{'id': None, 'name': 'The Local Sweden'}",Becky Waterton,'Feels like a fairytale': Swedish town's one-krona plots a year later,"In April last year, the municipality of Götene in western Sweden launched a campaign to sell off unused plots of land for just one krona per square metre in an attempt to attract families to the area. We spoke to Götene's mayor, Johan Månsson, to find out how…",https://www.thelocal.se/20251023/feels-like-a-fairytale-swedish-towns-one-krona-plots-a-year-later,https://assets.thelocal.com/cdn-cgi/rs:fit:1200/quality:75/plain/https://apiwp.thelocal.com/wp-content/uploads/2025/10/watermarks-logo-Untitled-design.jpg@webp,2025-10-23T06:54:29Z,"In April last year, the municipality of Götene in western Sweden launched a campaign to sell off unused plots of land for just one krona per square metre in an attempt to attract families to the area… [+9605 chars]"
"{'id': None, 'name': 'BroBible'}",Cass Anderson,"The Eeriest Marathon On Earth Takes Place 3,674ft Below Ground Inside A Swedish Mine: Would You Run It?","We have seen some uniquely interesting marathons and long distance races over the years here at BroBible. But none really compared to this underground marathon in Sweden where participants take a mine shaft elevator 1,120 meters (3,647 feet) below ground to r…",https://brobible.com/sports/article/worlds-first-underground-marathon-sweden/,https://brobible.com/wp-content/uploads/2025/10/underground-marathon-runner-sweden.jpg,2025-10-27T15:10:35Z,"Worlds Deepest Marathon
We have seen some uniquely interesting marathons and long distance races over the years here at BroBible. But none really compared to this underground marathon in Sweden wher… [+2566 chars]"
"{'id': None, 'name': 'Madshrimps.be'}",Stefan,Heart Electric: Colorful New Team-Based Shooter From Star Wars Battlefront Dev Gets October Playtest,"Modoyo is a new game studio out of Stockholm, Sweden, and its first game is Heart Electric, a fast-paced elimination hero shooter that pits 16 players against one another in teams of four, with the added twist of the “Flux” maglev traversal mechanic that adds…",https://www.madshrimps.be/news/heart-electric-colorful-new-team-based-shooter-from-star-wars-battlefront-dev-gets-october-playtest/,,2025-10-22T10:19:51Z,"Modoyo is a new game studio out of Stockholm, Sweden, and its first game is Heart Electric, a fast-paced elimination hero shooter that pits 16 players against one another in teams of four, with the a… [+505 chars]"
"{'id': None, 'name': 'Israelnationalnews.com'}",Giulio Meotti,"In Islamized Europe, even Jewish films are banned","To quote Malmö’s imam Basem Mahmoud, “whether Swedes like it or not, in ten or fifteen years, Sweden will be ours.” Opinioin.",https://www.israelnationalnews.com/news/416652,https://2.a7.org/files/pictures/000/1043932.jpg,2025-10-22T10:48:00Z,"The cinemas in Malmö refused to host the Jewish Film Festival.
Out of seven cinema chains, not one theater in Swedens third-largest city had the courage to host an innocent Jewish film festival. No … [+1932 chars]"
"{'id': None, 'name': 'Rlsbb.to'}",saamaan1@yahoo.com (Master),To Cook a Bear S01 1080p WEB h264-EDITH,"Note: In Swedish With English Selectable Subtitles or (HERE). Koka björn (To Cook a Bear) is a fantastic tale set in the far north of Sweden in 1852 following Jussi, a runaway Sami boy, and his mentor, the revivalist preacher Laestadius, as they investigate a…",https://post.rlsbb.to/to-cook-a-bear-s01-1080p-web-h264-edith/,,2025-10-15T07:55:46Z,"Note: In Swedish With English Selectable Subtitles or (HERE).
 Koka björn (To Cook a Bear) is a fantastic tale set in the far north of Sweden in 1852 following Jussi, a runaway Sami boy, and his men… [+1331 chars]"
